{
    "AnatomicalLandmarkCoordinates": {
        "LPA_ses-01": [
            202.44276141580787,
            195.25028029356315,
            134.1423576993786
        ],
        "NAS_ses-01": [
            134.82772655819278,
            141.47974547892915,
            231.30898432799708
        ],
        "RPA_ses-01": [
            58.12478176300493,
            193.15005637181434,
            141.0909270611866
        ],
        "LPA_ses-02": [
            204.2729359384768,
            189.15033001639796,
            132.4031959930629
        ],
        "NAS_ses-02": [
            134.9281153645909,
            135.81387064983366,
            228.58497924818982
        ],
        "RPA_ses-02": [
            60.22974042804857,
            195.70566476907018,
            141.83485313133085
        ]
    }
}
