{
    "AnatomicalLandmarkCoordinates": {
        "LPA_ses-01": [
            206.24308137799613,
            195.5400534665646,
            146.34033859181955
        ],
        "NAS_ses-01": [
            126.06316929454886,
            134.05864869880827,
            230.99320155234375
        ],
        "RPA_ses-01": [
            52.2325747711961,
            197.8790729589872,
            143.3735573818691
        ],
        "LPA_ses-02": [
            203.10530496175426,
            198.52017013339207,
            145.88449381844686
        ],
        "NAS_ses-02": [
            125.06495820626895,
            134.90645157936876,
            230.96031562363683
        ],
        "RPA_ses-02": [
            49.0947359168067,
            195.90398309929054,
            143.15918458028457
        ]
    }
}
