{
    "AnatomicalLandmarkCoordinates": {
        "LPA_ses-01": [
            187.9795702626385,
            178.85521092431674,
            134.97647178450066
        ],
        "NAS_ses-01": [
            127.36709677875211,
            145.1374842202457,
            224.23405820448806
        ],
        "RPA_ses-01": [
            60.185556109241645,
            175.49926336689316,
            137.1624271758765
        ],
        "LPA_ses-02": [
            189.4312701016499,
            178.91397275793304,
            135.7402268895859
        ],
        "NAS_ses-02": [
            126.84181090957384,
            145.33277701306145,
            223.6750430751694
        ],
        "RPA_ses-02": [
            61.6478197402091,
            174.69526731869232,
            134.7691854448015
        ]
    }
}
