{
    "AnatomicalLandmarkCoordinates": {
        "LPA_ses-01": [
            195.61465795005648,
            177.3374369413412,
            139.33911599154774
        ],
        "NAS_ses-01": [
            124.99219050005499,
            129.3340628528476,
            225.46789450490965
        ],
        "RPA_ses-01": [
            63.3500235100087,
            181.66020301933617,
            136.6282413768927
        ],
        "LPA_ses-02": [
            196.82109491208598,
            174.09193948645188,
            139.11775538778278
        ],
        "NAS_ses-02": [
            123.53459990738318,
            129.5116581914521,
            224.85983590355806
        ],
        "RPA_ses-02": [
            64.8244893908809,
            182.8641202291319,
            134.65504885976847
        ]
    }
}
