{
    "AnatomicalLandmarkCoordinates": {
        "LPA_ses-01": [
            196.28527261783668,
            177.47879870962913,
            125.33974756192488
        ],
        "NAS_ses-01": [
            129.4911021350304,
            156.32674629638908,
            216.7480679774353
        ],
        "RPA_ses-01": [
            67.09279605891494,
            185.13012961241856,
            125.50212174852766
        ],
        "LPA_ses-02": [
            195.1909919442292,
            175.25256666819422,
            123.22698367055008
        ],
        "NAS_ses-02": [
            129.92341215770222,
            156.97991303266173,
            216.3431089400047
        ],
        "RPA_ses-02": [
            66.18083320682248,
            185.19245317618055,
            125.84479000712174
        ]
    }
}
