{
    "AnatomicalLandmarkCoordinates": {
        "LPA_ses-01": [
            205.4658614056155,
            177.5176466897508,
            134.51864643185255
        ],
        "NAS_ses-01": [
            124.34247322630277,
            129.8101367327161,
            229.2608986391885
        ],
        "RPA_ses-01": [
            57.55588460323533,
            186.5064435486575,
            128.03459594038435
        ],
        "LPA_ses-02": [
            204.72770852219713,
            180.48136483270957,
            131.8917681179807
        ],
        "NAS_ses-02": [
            125.16908871798223,
            135.3763441926255,
            229.20097215712946
        ],
        "RPA_ses-02": [
            56.68352969107805,
            188.18291301154585,
            127.01051074489733
        ]
    }
}
