{
    "AnatomicalLandmarkCoordinates": {
        "LPA_ses-01": [
            196.46675233515066,
            186.61924614230315,
            132.57975080191144
        ],
        "NAS_ses-01": [
            129.10620756733556,
            137.16836272664702,
            221.93161269495988
        ],
        "RPA_ses-01": [
            51.14096515815848,
            182.9720870657061,
            138.35414912704343
        ],
        "LPA_ses-02": [
            199.01073733045752,
            183.66945886130748,
            138.0545749570585
        ],
        "NAS_ses-02": [
            127.92021685231306,
            135.29802352038308,
            225.07715517115372
        ],
        "RPA_ses-02": [
            53.5332034047825,
            182.38904717435918,
            138.99136912345693
        ]
    }
}
