onset	duration	trial_type	value	sample
0.9928127804927801	5.956876682956681	BAD_ACQ_SKIP	1	1780
