{
    "AnatomicalLandmarkCoordinates": {
        "LPA_ses-01": [
            207.2937138411442,
            192.51184089975578,
            139.22641212581877
        ],
        "NAS_ses-01": [
            133.8306920694426,
            130.77035559893596,
            234.98993132370373
        ],
        "RPA_ses-01": [
            55.32447994031628,
            196.9086948300107,
            145.6268354140474
        ],
        "LPA_ses-02": [
            205.12945945400887,
            192.88558588862918,
            139.5694517748642
        ],
        "NAS_ses-02": [
            129.55998825533985,
            130.73051330250115,
            233.40697485768135
        ],
        "RPA_ses-02": [
            52.96450187950012,
            193.58569044877248,
            140.10300166356052
        ]
    }
}
